"member_casual","year_month","n"
"casual",2025-09-01,254727
"casual",2025-10-01,214380
"casual",2025-11-01,94719
"casual",2025-12-01,27088
"casual",2026-01-01,23878
"casual",2026-02-01,40077
"casual",2026-03-01,84812
"casual",2026-04-01,127018
"casual",2026-05-01,235873
"casual",2026-06-01,297230
"casual",2026-07-01,345551
"casual",2026-08-01,335483
"member",2025-09-01,440954
"member",2025-10-01,414094
"member",2025-11-01,251924
"member",2025-12-01,109371
"member",2026-01-01,109865
"member",2026-02-01,157240
"member",2026-03-01,223654
"member",2026-04-01,308460
"member",2026-05-01,399522
"member",2026-06-01,444152
"member",2026-07-01,500460
"member",2026-08-01,510984
