"member_casual","day_of_week","n","share_within_rider_type"
"casual","Mon",248628,0.119484668662019
"casual","Tue",238405,0.114571739435496
"casual","Wed",239449,0.115073460859001
"casual","Thu",258834,0.124389428095246
"casual","Fri",322562,0.155015580276389
"casual","Sat",438505,0.210735012273913
"casual","Sun",334453,0.160730110397936
"member","Mon",554230,0.143186726880031
"member","Tue",617803,0.159610972748974
"member","Wed",618853,0.15988224291339
"member","Thu",611999,0.1581114946211
"member","Fri",565321,0.146052114873872
"member","Sat",491176,0.126896565978071
"member","Sun",411298,0.106259881984561
