"member_casual","start_hour","n","share_within_rider_type"
"casual",0,44458,0.0213654511936549
"casual",1,29017,0.0139448760017608
"casual",2,18366,0.0088262602146445
"casual",3,10562,0.00507584451633863
"casual",4,8444,0.00405798438704444
"casual",5,13441,0.00645942303958601
"casual",6,28777,0.0138295377434839
"casual",7,52004,0.024991878264313
"casual",8,74342,0.0357269866534412
"casual",9,71312,0.0342708411426946
"casual",10,85164,0.0409277809495799
"casual",11,108864,0.0523174339544299
"casual",12,131138,0.0630217854746842
"casual",13,135656,0.065193028186748
"casual",14,140528,0.0675343948297703
"casual",15,155269,0.0746185667683566
"casual",16,181123,0.0870433806412423
"casual",17,197600,0.0949618326480318
"casual",18,170386,0.0818834353115767
"casual",19,127723,0.0613806181746183
"casual",20,94282,0.0453096736119521
"casual",21,80956,0.0389055168211238
"casual",22,70181,0.0337273096005644
"casual",23,51243,0.0246261598703598
"member",0,36097,0.0093257515475317
"member",1,21909,0.00566024574493371
"member",2,12877,0.00332680562588486
"member",3,8373,0.0021631857968109
"member",4,9635,0.00248922669918464
"member",5,37678,0.00973420690938026
"member",6,110041,0.0284293715832877
"member",7,217985,0.0563169778953569
"member",8,282067,0.072872725205907
"member",9,176893,0.0457007554228198
"member",10,151305,0.0390900306922815
"member",11,175836,0.0454276767906414
"member",12,202322,0.0522704020998894
"member",13,200274,0.0517412961030103
"member",14,200665,0.0518423119451879
"member",15,256278,0.0662100716153234
"member",16,366416,0.0946645033947523
"member",17,417894,0.107963975322166
"member",18,327739,0.084672202300371
"member",19,226566,0.0585339010199758
"member",20,159119,0.0411087974206083
"member",21,124916,0.0322723655791747
"member",22,91059,0.0235253237157295
"member",23,56736,0.0146578895697914
